Question,Answer
What is Vislona?,"Vislona is a next-gen AI company that builds smart, subscription-based tools and agents for modern users without traditional code."
Is Vislona a single product or a platform?,"Vislona is not a single app it's a parent company that launches multiple AI-powered tools, each focused on a specific need or niche."
What kind of tools does Vislona create?,"We create AI-driven apps for productivity, personal care, lifestyle enhancement, content creation, and intelligent agents all accessible without any coding."
What makes Vislona different from other AI companies?,"We focus on non-coding, design-first, and niche ideas  built rapidly using AI and launched directly to users through clean, simple interfaces."
Is Vislona a B2B company? ,"NO Vislona is fully B2C(business-to-consumer).We creat tools directly for users not for client sales or service contracts."
Do Vislona tools use external APIs or in-house AI?,"We use a mix of trusted AI APIs and custom-built logic to deliver the best user experience."
What technologies or platforms power Vislona's tools?,"We primarily use no-code/low-code platforms,AI APIs, and design-focused tools like Framer,Firebase,and Langchain to built and launch fast."
What is the future goal of Vislona?,"To build an ecosystem of AI-powered tools and agents that make daily life smarter, more creative, and deeply personal  without writing code."
How often does Vislona launch new tools?,"We regularly brainstorm and ship new tools under the Vislona brand  each tool is niche, AI-driven, and available through subscription."
Where can I follow Vislona updates?,"You can follow us on Instagram, LinkedIn, or our official website to get updates on new tool launches and feature drops."
